case,repeat,true_interruption,detected_interruption,status,selected_window_samples,confidence,true_retained_pu,duration_s,minimum_retained_rms_pu,median_retained_rms_pu,subtype
instantaneous_interruption,0,True,True,instantaneous_interruption,9,0.6193812693269315,0.03875700603847591,0.27555555555555555,0.01754335658412382,0.03806187306730673,instantaneous_interruption
instantaneous_interruption,1,True,True,instantaneous_interruption,9,0.3294420111409476,0.06892615543868083,0.29444444444444445,0.05283619583912559,0.06705579888590524,instantaneous_interruption
instantaneous_interruption,2,True,True,instantaneous_interruption,9,0.5389589819520523,0.04532382556263125,0.1411111111111111,0.03529711565563243,0.0461041007315099,instantaneous_interruption
instantaneous_interruption,3,True,True,instantaneous_interruption,9,0.756735501471365,0.024127047328192097,0.39555555555555555,0.005646716316092262,0.024326449852863502,instantaneous_interruption
instantaneous_interruption,4,True,True,instantaneous_interruption,9,0.8626242924831398,0.006579628965193213,0.30333333333333334,0.0046556805178318145,0.013737570751686023,instantaneous_interruption
instantaneous_interruption,5,True,True,instantaneous_interruption,9,0.5039662412486587,0.05021235799816724,0.2,0.03810777237916815,0.049603375874277995,instantaneous_interruption
instantaneous_interruption,6,True,True,instantaneous_interruption,9,0.7720822812642294,0.02566633669606921,0.14222222222222222,0.010701638800596873,0.022791770527974056,instantaneous_interruption
instantaneous_interruption,7,True,True,instantaneous_interruption,9,0.8496499017083354,0.007793734613441011,0.23777777777777778,0.0037962498117515386,0.015035009829150948,instantaneous_interruption
instantaneous_interruption,8,True,True,instantaneous_interruption,9,0.46323358745848686,0.05621085522976894,0.3877777777777778,0.044434828864021954,0.053676641254151315,instantaneous_interruption
instantaneous_interruption,9,True,True,instantaneous_interruption,9,0.8609721384782345,0.012418108259662705,0.40555555555555556,0.0042131793755857145,0.013902786152176553,instantaneous_interruption
instantaneous_interruption,10,True,True,instantaneous_interruption,9,0.691925481575652,0.02558343400451294,0.30666666666666664,0.011911394289886728,0.030807451842434806,instantaneous_interruption
instantaneous_interruption,11,True,True,instantaneous_interruption,9,0.8802917915050295,0.00616288320661205,0.052222222222222225,0.0037469640612932398,0.011895549169532693,instantaneous_interruption
instantaneous_interruption,12,True,True,instantaneous_interruption,9,0.8522392422062559,0.01464174584211712,0.13666666666666666,0.006795809805523414,0.014776072886400267,instantaneous_interruption
instantaneous_interruption,13,True,True,instantaneous_interruption,9,0.776041914441615,0.021860491149102504,0.3088888888888889,0.011914665167476966,0.022395808555838496,instantaneous_interruption
instantaneous_interruption,14,True,True,instantaneous_interruption,9,0.3863458546428982,0.061688494798951624,0.29444444444444445,0.04967196626346127,0.06136541453571017,instantaneous_interruption
instantaneous_interruption,15,True,True,instantaneous_interruption,9,0.8766816339958295,0.007493455632819954,0.22777777777777777,0.00435665401640836,0.012331836600363924,instantaneous_interruption
instantaneous_interruption,16,True,True,instantaneous_interruption,9,0.44061175383964424,0.05700816389860694,0.17333333333333334,0.04637107619808293,0.05593882459767259,instantaneous_interruption
instantaneous_interruption,17,True,True,instantaneous_interruption,9,0.7685331122414223,0.02205072981078638,0.12111111111111111,0.012188230238702654,0.02314667190532792,instantaneous_interruption
instantaneous_interruption,18,True,True,instantaneous_interruption,9,0.7425532589812559,0.0223324169654973,0.3433333333333333,0.008310705828032788,0.02574467410187441,instantaneous_interruption
instantaneous_interruption,19,True,True,instantaneous_interruption,9,0.634416721666926,0.0365529708481874,0.24222222222222223,0.020385976499411405,0.03655832783330061,instantaneous_interruption
instantaneous_interruption,20,True,True,instantaneous_interruption,9,0.4576503467760496,0.05712556958321376,0.2811111111111111,0.04786438966577454,0.054234965322395,instantaneous_interruption
instantaneous_interruption,21,True,True,instantaneous_interruption,9,0.5880340130154365,0.03880434929805216,0.1388888888888889,0.03014137079651344,0.04119659716957563,instantaneous_interruption
instantaneous_interruption,22,True,True,instantaneous_interruption,9,0.8898334235418429,0.006019182153038269,0.22666666666666666,0.004312963556884422,0.011016657645754092,instantaneous_interruption
instantaneous_interruption,23,True,True,instantaneous_interruption,31,0.3541237053119591,0.06742630396398541,0.15444444444444444,0.0586165474324033,0.06458762932642602,instantaneous_interruption
instantaneous_interruption,24,True,True,instantaneous_interruption,9,0.698071788135292,0.029003800047843933,0.12777777777777777,0.014293425163864419,0.03019281430104841,instantaneous_interruption
instantaneous_interruption,25,True,True,instantaneous_interruption,9,0.8146204325928125,0.016718299717212823,0.4033333333333333,0.005251725332207046,0.01853795674071876,instantaneous_interruption
instantaneous_interruption,26,True,True,instantaneous_interruption,9,0.6666971069239022,0.029630262681061014,0.21444444444444444,0.01370059340661963,0.03333028930740967,instantaneous_interruption
instantaneous_interruption,27,True,True,instantaneous_interruption,9,0.758977521256595,0.021453820421015762,0.07333333333333333,0.01702982520619501,0.024097099389412548,instantaneous_interruption
instantaneous_interruption,28,True,True,instantaneous_interruption,17,0.3874613546755916,0.06339231905819841,0.17555555555555555,0.054311633225644834,0.061253864520072726,instantaneous_interruption
instantaneous_interruption,29,True,True,instantaneous_interruption,9,0.7675096698891669,0.022247549848142967,0.1922222222222222,0.014367483057817805,0.023249033007767646,instantaneous_interruption
momentary_interruption,0,True,True,momentary_interruption,9,0.46249646827033314,0.0526206649689677,1.9544444444444444,0.030583932397377125,0.05375035317296669,momentary_interruption
momentary_interruption,1,True,True,momentary_interruption,17,0.7101679903432728,0.02692249933449293,1.0144444444444445,0.018351099194999245,0.028983200965672716,momentary_interruption
momentary_interruption,2,True,True,momentary_interruption,9,0.5220013339319208,0.04787723344061667,2.2266666666666666,0.024806207709708202,0.04779986660680792,momentary_interruption
momentary_interruption,3,True,True,momentary_interruption,9,0.5244358412795659,0.046472254955731006,0.9666666666666667,0.026764049642633538,0.047556415872043414,momentary_interruption
momentary_interruption,4,True,True,momentary_interruption,9,0.6674981097483587,0.033463414055325706,2.1566666666666667,0.022513076929728714,0.033250189025164134,momentary_interruption
momentary_interruption,5,True,True,momentary_interruption,9,0.8324108211777173,0.015253194227401425,2.5277777777777777,0.003073745826612299,0.01675891788222827,momentary_interruption
momentary_interruption,6,True,True,momentary_interruption,9,0.8729636821980893,0.00776609514735295,1.9555555555555555,0.0026253811657505764,0.012703631780191073,momentary_interruption
momentary_interruption,7,True,True,momentary_interruption,9,0.8731722958064794,0.006750399699864254,1.031111111111111,0.00223200942068326,0.012682770419352056,momentary_interruption
momentary_interruption,8,True,True,momentary_interruption,9,0.44969876208196813,0.05629903101601821,2.537777777777778,0.03151862711965347,0.05503012379180319,momentary_interruption
momentary_interruption,9,True,True,momentary_interruption,9,0.732136213387574,0.02745220315018296,1.3288888888888888,0.011899190825526682,0.026786378661242602,momentary_interruption
momentary_interruption,10,True,True,momentary_interruption,17,0.45344411334859397,0.056052705973154836,0.8922222222222222,0.04571899102226981,0.05465558866514061,momentary_interruption
momentary_interruption,11,True,True,momentary_interruption,9,0.7560942356334117,0.022644149822765098,2.35,0.00677102312668239,0.02439057643665883,momentary_interruption
momentary_interruption,12,True,True,momentary_interruption,9,0.7695646089026733,0.022956788227831804,0.9477777777777778,0.009663305214613518,0.023043539109732662,momentary_interruption
momentary_interruption,13,True,True,momentary_interruption,9,0.7443277257001955,0.025457503842442147,2.4322222222222223,0.0051104584779540895,0.025567227429980452,momentary_interruption
momentary_interruption,14,True,True,momentary_interruption,9,0.43269992107559246,0.055161490792955285,0.6533333333333333,0.03724583206483504,0.05673000789244076,momentary_interruption
momentary_interruption,15,True,True,momentary_interruption,9,0.5997385866545448,0.039489783606368116,2.1755555555555555,0.014203060890650338,0.04002614133454552,momentary_interruption
momentary_interruption,16,True,True,momentary_interruption,9,0.5464345889203708,0.04528949435316655,1.0522222222222222,0.02741981633693211,0.045356541107962924,momentary_interruption
momentary_interruption,17,True,True,momentary_interruption,9,0.8857038231505461,0.0072763246718032006,2.36,0.0022653349260377247,0.011429617684945399,momentary_interruption
momentary_interruption,18,True,True,momentary_interruption,9,0.3895008123806898,0.06175719103320607,2.071111111111111,0.031722878337576164,0.06104991876193103,momentary_interruption
momentary_interruption,19,True,True,momentary_interruption,9,0.48155151402874713,0.05217635955021028,2.57,0.0314542877244298,0.05184484859712529,momentary_interruption
momentary_interruption,20,True,True,momentary_interruption,9,0.8294369077198662,0.0064314544242754365,1.5377777777777777,0.00489432208214947,0.01705630922801338,momentary_interruption
momentary_interruption,21,True,True,momentary_interruption,9,0.7887726854496258,0.018816349026061396,1.5922222222222222,0.004528756825998461,0.02112273145503743,momentary_interruption
momentary_interruption,22,True,True,momentary_interruption,9,0.5115508749350103,0.048600067761511184,2.171111111111111,0.025010022395378997,0.04884491250649897,momentary_interruption
momentary_interruption,23,True,True,momentary_interruption,9,0.7433777956771039,0.024016662749722483,2.4433333333333334,0.008260633643273316,0.025662220432289613,momentary_interruption
momentary_interruption,24,True,True,momentary_interruption,9,0.9080635120082903,0.0063474703086034145,2.3,0.0018851290078551622,0.009193648799170983,momentary_interruption
momentary_interruption,25,True,True,momentary_interruption,9,0.8698542977368686,0.013059293371674077,2.4477777777777776,0.005029265811347074,0.013014570226313131,momentary_interruption
momentary_interruption,26,True,True,momentary_interruption,9,0.7970031206981513,0.01848822045760672,2.3544444444444443,0.0045874219484431725,0.02029968793018487,momentary_interruption
momentary_interruption,27,True,True,momentary_interruption,9,0.3197009537785106,0.06865020331076868,1.3566666666666667,0.04973903057686283,0.06802990462214895,momentary_interruption
momentary_interruption,28,True,True,momentary_interruption,9,0.6581314298325194,0.034259477675678406,2.09,0.020331464189552267,0.034186857016748055,momentary_interruption
momentary_interruption,29,True,True,momentary_interruption,9,0.6042861338241309,0.03874942347187995,1.4366666666666668,0.016444853626126042,0.03957138661758692,momentary_interruption
temporary_interruption,0,True,True,temporary_interruption,17,0.35163048429611266,0.06611757082059624,3.7666666666666666,0.051947980009305124,0.06483695157038874,temporary_interruption
temporary_interruption,1,True,True,temporary_interruption,9,0.3034978613495587,0.06967870729684424,4.0744444444444445,0.04338378232757946,0.06965021386504414,temporary_interruption
temporary_interruption,2,True,True,temporary_interruption,9,0.7608399661447451,0.022519300925732445,5.107777777777778,0.008171012057296341,0.0239160033855255,temporary_interruption
temporary_interruption,3,True,True,temporary_interruption,9,0.4652248561391667,0.0544749255514147,3.712222222222222,0.03748526992495553,0.053477514386083336,temporary_interruption
temporary_interruption,4,True,True,temporary_interruption,9,0.8262917528205335,0.015135738626421407,3.7755555555555556,0.00457877420387117,0.017370824717946654,temporary_interruption
temporary_interruption,5,True,True,temporary_interruption,9,0.7705648062381628,0.02217555179513598,5.552222222222222,0.008686632415832505,0.022943519376183715,temporary_interruption
temporary_interruption,6,True,True,temporary_interruption,9,0.6974323837394153,0.029924677280975868,4.017777777777778,0.014648053348730896,0.030256761626058483,temporary_interruption
temporary_interruption,7,True,True,temporary_interruption,9,0.6743517723773447,0.03245212475589784,4.713333333333333,0.0123958673866654,0.032564822762265536,temporary_interruption
temporary_interruption,8,True,True,temporary_interruption,9,0.416642332236771,0.058321662954514956,5.0088888888888885,0.046144079697252115,0.058335766776322906,temporary_interruption
temporary_interruption,9,True,True,temporary_interruption,9,0.8797217545484989,0.005116499721050459,5.228888888888889,0.0017227127993911077,0.012027824545150109,temporary_interruption
temporary_interruption,10,True,True,temporary_interruption,9,0.6144052266632009,0.03926681134181689,5.086666666666667,0.014842421479494213,0.03855947733367992,temporary_interruption
temporary_interruption,11,True,True,temporary_interruption,9,0.7410059102678487,0.02605344940264942,3.8877777777777776,0.012298098150846698,0.025899408973215125,temporary_interruption
temporary_interruption,12,True,True,temporary_interruption,17,0.46332416999030074,0.054129278260660156,4.043333333333333,0.037356428874640475,0.05366758300096993,temporary_interruption
temporary_interruption,13,True,True,temporary_interruption,9,0.6852083956677171,0.03140205953358943,3.8722222222222222,0.018944503857261385,0.03147916043322829,temporary_interruption
temporary_interruption,14,True,True,temporary_interruption,9,0.7439603258414886,0.02520804411403988,5.56,0.01102324031301939,0.025603967415851143,temporary_interruption
temporary_interruption,15,True,True,temporary_interruption,9,0.6894507518838411,0.03063282307580968,4.321111111111111,0.014326180335824154,0.031054924811615894,temporary_interruption
temporary_interruption,16,True,True,temporary_interruption,9,0.35958013418990686,0.06401627386502763,4.756666666666667,0.04498993972570178,0.06404198658100932,temporary_interruption
temporary_interruption,17,True,True,temporary_interruption,9,0.8474341912410851,0.010764955191065021,3.417777777777778,0.003134954810757167,0.015256580875891494,temporary_interruption
temporary_interruption,18,True,True,temporary_interruption,9,0.5383931095727962,0.045806513584147224,5.263333333333334,0.023165575559850507,0.04616068904272039,temporary_interruption
temporary_interruption,19,True,True,temporary_interruption,9,0.4194632067771591,0.059538106785046736,3.5966666666666667,0.03806145032669429,0.05805367932228409,temporary_interruption
temporary_interruption,20,True,True,temporary_interruption,9,0.4636467308130468,0.05479252678265987,5.3933333333333335,0.03712360658859137,0.053635326918695325,temporary_interruption
temporary_interruption,21,True,True,temporary_interruption,9,0.888143816186301,0.009474786743508549,4.732222222222222,0.0025594640116901653,0.011185618381369906,temporary_interruption
temporary_interruption,22,True,True,temporary_interruption,9,0.7372793139639261,0.023442684047582717,4.082222222222223,0.004538672373392581,0.02627206860360739,temporary_interruption
temporary_interruption,23,True,True,temporary_interruption,9,0.6551479311593339,0.034611335095520446,3.851111111111111,0.014553638401227767,0.03448520688406661,temporary_interruption
temporary_interruption,24,True,True,temporary_interruption,9,0.8544841362749095,0.011841805991023326,4.748888888888889,0.0024794190825588066,0.01455158637250905,temporary_interruption
temporary_interruption,25,True,True,temporary_interruption,9,0.36934580436570386,0.06327983448811958,5.151111111111111,0.049188896329381275,0.06306541956342962,temporary_interruption
temporary_interruption,26,True,True,temporary_interruption,9,0.8024319717383929,0.01700792576384255,3.361111111111111,0.005607742876236225,0.019756802826160717,temporary_interruption
temporary_interruption,27,True,True,temporary_interruption,9,0.8107810837883891,0.01653032185844241,3.6533333333333333,0.004843801989126568,0.018921891621161094,temporary_interruption
temporary_interruption,28,True,True,temporary_interruption,9,0.4942340277096023,0.04957045696702435,3.878888888888889,0.024856457730566404,0.050576597229039774,temporary_interruption
temporary_interruption,29,True,True,temporary_interruption,9,0.6621116073455187,0.03282789046602809,3.9766666666666666,0.010912378629705732,0.03378883926544814,temporary_interruption
distorted_temporary_interruption,0,True,True,temporary_interruption,9,0.802469070786019,0.01789670207533737,4.623333333333333,0.004680219602152503,0.0197530929213981,temporary_interruption
distorted_temporary_interruption,1,True,True,temporary_interruption,9,0.5297436108597179,0.04329493543434456,3.9466666666666668,0.01577071011041111,0.047025638914028216,temporary_interruption
distorted_temporary_interruption,2,True,True,temporary_interruption,9,0.3126122315761488,0.06951623053358937,3.716666666666667,0.05011402773248049,0.06873877684238512,temporary_interruption
distorted_temporary_interruption,3,True,True,temporary_interruption,17,0.5646299398064312,0.0435922741972808,5.443333333333333,0.031164445062345697,0.04353700601935689,temporary_interruption
distorted_temporary_interruption,4,True,True,temporary_interruption,9,0.4858336531814708,0.054359313893049994,4.878888888888889,0.031777332226947376,0.051416634681852924,temporary_interruption
distorted_temporary_interruption,5,True,True,temporary_interruption,9,0.7665116579645994,0.022303842809306387,3.95,0.006560833062369623,0.023348834203540062,temporary_interruption
distorted_temporary_interruption,6,True,True,temporary_interruption,9,0.7241016879035256,0.024710651641341015,4.097777777777778,0.012002757285747545,0.027589831209647447,temporary_interruption
distorted_temporary_interruption,7,True,True,temporary_interruption,9,0.5369929878224969,0.04515840409609897,4.756666666666667,0.02363366843558934,0.046300701217750304,temporary_interruption
distorted_temporary_interruption,8,True,True,temporary_interruption,9,0.6952405844577271,0.02952385283252643,4.6,0.016155805333303463,0.030475941554227295,temporary_interruption
distorted_temporary_interruption,9,True,True,temporary_interruption,9,0.718771124398398,0.02726198139873102,5.344444444444444,0.011313873203202958,0.02812288756016021,temporary_interruption
distorted_temporary_interruption,10,True,True,temporary_interruption,9,0.7343324756549183,0.02450518604397502,3.6155555555555554,0.008806346308848436,0.026566752434508168,temporary_interruption
distorted_temporary_interruption,11,True,True,temporary_interruption,17,0.5801116137179018,0.04164909482983891,4.6866666666666665,0.03186748261167878,0.041988838628209825,temporary_interruption
distorted_temporary_interruption,12,True,True,temporary_interruption,9,0.8346932758791198,0.010356812013136523,3.4755555555555557,0.003707183498470311,0.01653067241208802,temporary_interruption
distorted_temporary_interruption,13,True,True,temporary_interruption,9,0.8384496857108039,0.008788775459119234,4.484444444444445,0.003735874759956575,0.0161550314289196,temporary_interruption
distorted_temporary_interruption,14,True,True,temporary_interruption,9,0.40949531980302434,0.059094640669563145,5.496666666666667,0.045968758952319805,0.05905046801969757,temporary_interruption
distorted_temporary_interruption,15,True,True,temporary_interruption,9,0.40079976636357995,0.05733655547212764,4.0,0.029207652577881278,0.05992002336364201,temporary_interruption
distorted_temporary_interruption,16,True,True,temporary_interruption,9,0.7629558741946457,0.021722774304076337,4.2444444444444445,0.00608230899757886,0.023704412580535433,temporary_interruption
distorted_temporary_interruption,17,True,True,temporary_interruption,9,0.5843955806572511,0.04173673774337048,4.311111111111111,0.01720293846314192,0.0415604419342749,temporary_interruption
distorted_temporary_interruption,18,True,True,temporary_interruption,9,0.8254878752058743,0.01329360598381232,3.8255555555555554,0.0021184136612424865,0.017451212479412573,temporary_interruption
distorted_temporary_interruption,19,True,True,temporary_interruption,9,0.7318011662279708,0.02472342347039278,4.595555555555555,0.007590008836432567,0.02681988337720293,temporary_interruption
distorted_temporary_interruption,20,True,True,temporary_interruption,9,0.7647264172668766,0.020939507427735853,4.908888888888889,0.006866143526834852,0.023527358273312347,temporary_interruption
distorted_temporary_interruption,21,True,True,temporary_interruption,9,0.6497472921809586,0.03624292678664091,5.096666666666667,0.01929351182368362,0.035025270781904136,temporary_interruption
distorted_temporary_interruption,22,True,True,temporary_interruption,9,0.6504948647753883,0.03374697891056898,4.887777777777778,0.012585885434329352,0.034950513522461174,temporary_interruption
distorted_temporary_interruption,23,True,True,temporary_interruption,9,0.7573562554182289,0.023193329253014153,4.7,0.005714597639328135,0.024264374458177106,temporary_interruption
distorted_temporary_interruption,24,True,True,temporary_interruption,9,0.6641089781883286,0.03153557117373404,5.128888888888889,0.010623809721531973,0.033589102181167146,temporary_interruption
distorted_temporary_interruption,25,True,True,temporary_interruption,9,0.8164243150714608,0.0146485149557831,4.607777777777778,0.004380644783628581,0.01835756849285392,temporary_interruption
distorted_temporary_interruption,26,True,True,temporary_interruption,9,0.8720231297953287,0.0055340512155725805,4.648888888888889,0.0017801407178743684,0.012797687020467133,temporary_interruption
distorted_temporary_interruption,27,True,True,temporary_interruption,9,0.40233037597017135,0.06084954889687527,3.2844444444444445,0.03729026157244927,0.05976696240298287,temporary_interruption
distorted_temporary_interruption,28,True,True,temporary_interruption,9,0.8250022779851736,0.014099036009038134,5.572222222222222,0.003876343778447499,0.017499772201482647,temporary_interruption
distorted_temporary_interruption,29,True,True,temporary_interruption,9,0.5668322739494706,0.04259061115020675,4.015555555555555,0.0205885176845595,0.04331677260505295,temporary_interruption
deep_sag,0,False,False,rejected,9,0.0,0.3693790857041547,,,,none
deep_sag,1,False,False,rejected,9,0.0,0.505612215202017,,,,none
deep_sag,2,False,False,rejected,9,0.0,0.43634070070998426,,,,none
deep_sag,3,False,False,rejected,9,0.0,0.48162107642122143,,,,none
deep_sag,4,False,False,rejected,9,0.0,0.30109809598245146,,,,none
deep_sag,5,False,False,rejected,9,0.0,0.21112193523950903,,,,none
deep_sag,6,False,False,rejected,9,0.0,0.351087635088394,,,,none
deep_sag,7,False,False,rejected,9,0.0,0.36601573301002277,,,,none
deep_sag,8,False,False,rejected,9,0.0,0.5217871495717106,,,,none
deep_sag,9,False,False,rejected,9,0.0,0.516379311457825,,,,none
deep_sag,10,False,False,rejected,9,0.0,0.526034557986953,,,,none
deep_sag,11,False,False,rejected,9,0.0,0.34666934852286724,,,,none
deep_sag,12,False,False,rejected,9,0.0,0.4310517480321134,,,,none
deep_sag,13,False,False,rejected,9,0.0,0.33621871513170176,,,,none
deep_sag,14,False,False,rejected,9,0.0,0.40447865499484204,,,,none
deep_sag,15,False,False,rejected,9,0.0,0.2685833981216189,,,,none
deep_sag,16,False,False,rejected,9,0.0,0.5020327888752565,,,,none
deep_sag,17,False,False,rejected,9,0.0,0.45292114289619223,,,,none
deep_sag,18,False,False,rejected,9,0.0,0.47135917261735266,,,,none
deep_sag,19,False,False,rejected,9,0.0,0.3299826542027486,,,,none
deep_sag,20,False,False,rejected,9,0.0,0.3655532263012082,,,,none
deep_sag,21,False,False,rejected,9,0.0,0.36092577901696604,,,,none
deep_sag,22,False,False,rejected,9,0.0,0.27521167074234343,,,,none
deep_sag,23,False,False,rejected,9,0.0,0.34347767385417594,,,,none
deep_sag,24,False,False,rejected,9,0.0,0.33807578692266016,,,,none
deep_sag,25,False,False,rejected,9,0.0,0.2512931837603495,,,,none
deep_sag,26,False,False,rejected,9,0.0,0.4348200548976815,,,,none
deep_sag,27,False,False,rejected,9,0.0,0.41048438400068493,,,,none
deep_sag,28,False,False,rejected,9,0.0,0.18749006259798504,,,,none
deep_sag,29,False,False,rejected,9,0.0,0.4712063774242517,,,,none
near_boundary_sag,0,False,False,rejected,9,0.0,0.13146280410867786,,,,none
near_boundary_sag,1,False,False,rejected,9,0.0,0.15215278263955584,,,,none
near_boundary_sag,2,False,False,rejected,9,0.0,0.11910933728381315,,,,none
near_boundary_sag,3,False,False,rejected,9,0.0,0.1189752919204667,,,,none
near_boundary_sag,4,False,False,rejected,9,0.0,0.1454046459881278,,,,none
near_boundary_sag,5,False,False,rejected,9,0.0,0.14192847068676218,,,,none
near_boundary_sag,6,False,False,rejected,9,0.0,0.13970931640296547,,,,none
near_boundary_sag,7,False,False,rejected,9,0.0,0.15327981168268062,,,,none
near_boundary_sag,8,False,False,rejected,9,0.0,0.12439656603644217,,,,none
near_boundary_sag,9,False,False,rejected,9,0.0,0.13155470696850757,,,,none
near_boundary_sag,10,False,False,rejected,9,0.0,0.14115935501645072,,,,none
near_boundary_sag,11,False,False,rejected,9,0.0,0.1328150380530484,,,,none
near_boundary_sag,12,False,False,rejected,9,0.0,0.12419941291480643,,,,none
near_boundary_sag,13,False,False,rejected,9,0.0,0.11973824734051747,,,,none
near_boundary_sag,14,False,False,rejected,9,0.0,0.14089284336692304,,,,none
near_boundary_sag,15,False,False,rejected,9,0.0,0.1270298508475541,,,,none
near_boundary_sag,16,False,False,rejected,9,0.0,0.134460157659634,,,,none
near_boundary_sag,17,False,False,rejected,9,0.0,0.12583548869061184,,,,none
near_boundary_sag,18,False,False,rejected,9,0.0,0.12379014618377773,,,,none
near_boundary_sag,19,False,False,rejected,9,0.0,0.13152117633181373,,,,none
near_boundary_sag,20,False,False,rejected,9,0.0,0.12868848351751086,,,,none
near_boundary_sag,21,False,False,rejected,9,0.0,0.13887080252015865,,,,none
near_boundary_sag,22,False,False,rejected,9,0.0,0.12501977022550162,,,,none
near_boundary_sag,23,False,False,rejected,9,0.0,0.1193010342628544,,,,none
near_boundary_sag,24,False,False,rejected,9,0.0,0.12207088221677091,,,,none
near_boundary_sag,25,False,False,rejected,9,0.0,0.11832262811208832,,,,none
near_boundary_sag,26,False,False,rejected,9,0.0,0.1425707915424611,,,,none
near_boundary_sag,27,False,False,rejected,9,0.0,0.14376855147446338,,,,none
near_boundary_sag,28,False,False,rejected,9,0.0,0.1280313202999313,,,,none
near_boundary_sag,29,False,False,rejected,9,0.0,0.14195129161796807,,,,none
healthy,0,False,False,rejected,9,0.0,1.0,,,,none
healthy,1,False,False,rejected,9,0.0,1.0,,,,none
healthy,2,False,False,rejected,9,0.0,1.0,,,,none
healthy,3,False,False,rejected,9,0.0,1.0,,,,none
healthy,4,False,False,rejected,9,0.0,1.0,,,,none
healthy,5,False,False,rejected,9,0.0,1.0,,,,none
healthy,6,False,False,rejected,9,0.0,1.0,,,,none
healthy,7,False,False,rejected,9,0.0,1.0,,,,none
healthy,8,False,False,rejected,9,0.0,1.0,,,,none
healthy,9,False,False,rejected,9,0.0,1.0,,,,none
healthy,10,False,False,rejected,9,0.0,1.0,,,,none
healthy,11,False,False,rejected,9,0.0,1.0,,,,none
healthy,12,False,False,rejected,9,0.0,1.0,,,,none
healthy,13,False,False,rejected,9,0.0,1.0,,,,none
healthy,14,False,False,rejected,9,0.0,1.0,,,,none
healthy,15,False,False,rejected,9,0.0,1.0,,,,none
healthy,16,False,False,rejected,9,0.0,1.0,,,,none
healthy,17,False,False,rejected,9,0.0,1.0,,,,none
healthy,18,False,False,rejected,9,0.0,1.0,,,,none
healthy,19,False,False,rejected,9,0.0,1.0,,,,none
healthy,20,False,False,rejected,9,0.0,1.0,,,,none
healthy,21,False,False,rejected,9,0.0,1.0,,,,none
healthy,22,False,False,rejected,9,0.0,1.0,,,,none
healthy,23,False,False,rejected,9,0.0,1.0,,,,none
healthy,24,False,False,rejected,9,0.0,1.0,,,,none
healthy,25,False,False,rejected,9,0.0,1.0,,,,none
healthy,26,False,False,rejected,9,0.0,1.0,,,,none
healthy,27,False,False,rejected,9,0.0,1.0,,,,none
healthy,28,False,False,rejected,9,0.0,1.0,,,,none
healthy,29,False,False,rejected,9,0.0,1.0,,,,none
swell,0,False,False,rejected,9,0.0,1.0,,,,none
swell,1,False,False,rejected,9,0.0,1.0,,,,none
swell,2,False,False,rejected,9,0.0,1.0,,,,none
swell,3,False,False,rejected,9,0.0,1.0,,,,none
swell,4,False,False,rejected,9,0.0,1.0,,,,none
swell,5,False,False,rejected,9,0.0,1.0,,,,none
swell,6,False,False,rejected,9,0.0,1.0,,,,none
swell,7,False,False,rejected,9,0.0,1.0,,,,none
swell,8,False,False,rejected,9,0.0,1.0,,,,none
swell,9,False,False,rejected,9,0.0,1.0,,,,none
swell,10,False,False,rejected,9,0.0,1.0,,,,none
swell,11,False,False,rejected,9,0.0,1.0,,,,none
swell,12,False,False,rejected,9,0.0,1.0,,,,none
swell,13,False,False,rejected,9,0.0,1.0,,,,none
swell,14,False,False,rejected,9,0.0,1.0,,,,none
swell,15,False,False,rejected,9,0.0,1.0,,,,none
swell,16,False,False,rejected,9,0.0,1.0,,,,none
swell,17,False,False,rejected,9,0.0,1.0,,,,none
swell,18,False,False,rejected,9,0.0,1.0,,,,none
swell,19,False,False,rejected,9,0.0,1.0,,,,none
swell,20,False,False,rejected,9,0.0,1.0,,,,none
swell,21,False,False,rejected,9,0.0,1.0,,,,none
swell,22,False,False,rejected,9,0.0,1.0,,,,none
swell,23,False,False,rejected,9,0.0,1.0,,,,none
swell,24,False,False,rejected,9,0.0,1.0,,,,none
swell,25,False,False,rejected,9,0.0,1.0,,,,none
swell,26,False,False,rejected,9,0.0,1.0,,,,none
swell,27,False,False,rejected,9,0.0,1.0,,,,none
swell,28,False,False,rejected,9,0.0,1.0,,,,none
swell,29,False,False,rejected,9,0.0,1.0,,,,none
offset_step,0,False,False,rejected,9,0.0,1.0,,,,none
offset_step,1,False,False,rejected,9,0.0,1.0,,,,none
offset_step,2,False,False,rejected,9,0.0,1.0,,,,none
offset_step,3,False,False,rejected,9,0.0,1.0,,,,none
offset_step,4,False,False,rejected,9,0.0,1.0,,,,none
offset_step,5,False,False,rejected,9,0.0,1.0,,,,none
offset_step,6,False,False,rejected,9,0.0,1.0,,,,none
offset_step,7,False,False,rejected,9,0.0,1.0,,,,none
offset_step,8,False,False,rejected,9,0.0,1.0,,,,none
offset_step,9,False,False,rejected,9,0.0,1.0,,,,none
offset_step,10,False,False,rejected,9,0.0,1.0,,,,none
offset_step,11,False,False,rejected,9,0.0,1.0,,,,none
offset_step,12,False,False,rejected,9,0.0,1.0,,,,none
offset_step,13,False,False,rejected,9,0.0,1.0,,,,none
offset_step,14,False,False,rejected,9,0.0,1.0,,,,none
offset_step,15,False,False,rejected,9,0.0,1.0,,,,none
offset_step,16,False,False,rejected,9,0.0,1.0,,,,none
offset_step,17,False,False,rejected,9,0.0,1.0,,,,none
offset_step,18,False,False,rejected,9,0.0,1.0,,,,none
offset_step,19,False,False,rejected,9,0.0,1.0,,,,none
offset_step,20,False,False,rejected,9,0.0,1.0,,,,none
offset_step,21,False,False,rejected,9,0.0,1.0,,,,none
offset_step,22,False,False,rejected,9,0.0,1.0,,,,none
offset_step,23,False,False,rejected,9,0.0,1.0,,,,none
offset_step,24,False,False,rejected,9,0.0,1.0,,,,none
offset_step,25,False,False,rejected,9,0.0,1.0,,,,none
offset_step,26,False,False,rejected,9,0.0,1.0,,,,none
offset_step,27,False,False,rejected,9,0.0,1.0,,,,none
offset_step,28,False,False,rejected,9,0.0,1.0,,,,none
offset_step,29,False,False,rejected,9,0.0,1.0,,,,none
impulse_only,0,False,False,rejected,9,0.0,1.0,,,,none
impulse_only,1,False,False,rejected,9,0.0,1.0,,,,none
impulse_only,2,False,False,rejected,9,0.0,1.0,,,,none
impulse_only,3,False,False,rejected,9,0.0,1.0,,,,none
impulse_only,4,False,False,rejected,9,0.0,1.0,,,,none
impulse_only,5,False,False,rejected,9,0.0,1.0,,,,none
impulse_only,6,False,False,rejected,9,0.0,1.0,,,,none
impulse_only,7,False,False,rejected,9,0.0,1.0,,,,none
impulse_only,8,False,False,rejected,9,0.0,1.0,,,,none
impulse_only,9,False,False,rejected,9,0.0,1.0,,,,none
impulse_only,10,False,False,rejected,9,0.0,1.0,,,,none
impulse_only,11,False,False,rejected,9,0.0,1.0,,,,none
impulse_only,12,False,False,rejected,9,0.0,1.0,,,,none
impulse_only,13,False,False,rejected,9,0.0,1.0,,,,none
impulse_only,14,False,False,rejected,9,0.0,1.0,,,,none
impulse_only,15,False,False,rejected,9,0.0,1.0,,,,none
impulse_only,16,False,False,rejected,9,0.0,1.0,,,,none
impulse_only,17,False,False,rejected,9,0.0,1.0,,,,none
impulse_only,18,False,False,rejected,9,0.0,1.0,,,,none
impulse_only,19,False,False,rejected,9,0.0,1.0,,,,none
impulse_only,20,False,False,rejected,9,0.0,1.0,,,,none
impulse_only,21,False,False,rejected,9,0.0,1.0,,,,none
impulse_only,22,False,False,rejected,9,0.0,1.0,,,,none
impulse_only,23,False,False,rejected,9,0.0,1.0,,,,none
impulse_only,24,False,False,rejected,9,0.0,1.0,,,,none
impulse_only,25,False,False,rejected,9,0.0,1.0,,,,none
impulse_only,26,False,False,rejected,9,0.0,1.0,,,,none
impulse_only,27,False,False,rejected,9,0.0,1.0,,,,none
impulse_only,28,False,False,rejected,9,0.0,1.0,,,,none
impulse_only,29,False,False,rejected,9,0.0,1.0,,,,none
subcycle_dropout,0,False,False,rejected,9,0.0,1.0,,,,none
subcycle_dropout,1,False,False,rejected,9,0.0,1.0,,,,none
subcycle_dropout,2,False,False,rejected,9,0.0,1.0,,,,none
subcycle_dropout,3,False,False,rejected,9,0.0,1.0,,,,none
subcycle_dropout,4,False,False,rejected,9,0.0,1.0,,,,none
subcycle_dropout,5,False,False,rejected,9,0.0,1.0,,,,none
subcycle_dropout,6,False,False,rejected,9,0.0,1.0,,,,none
subcycle_dropout,7,False,False,rejected,9,0.0,1.0,,,,none
subcycle_dropout,8,False,False,rejected,9,0.0,1.0,,,,none
subcycle_dropout,9,False,False,rejected,9,0.0,1.0,,,,none
subcycle_dropout,10,False,False,rejected,9,0.0,1.0,,,,none
subcycle_dropout,11,False,False,rejected,9,0.0,1.0,,,,none
subcycle_dropout,12,False,False,rejected,9,0.0,1.0,,,,none
subcycle_dropout,13,False,False,rejected,9,0.0,1.0,,,,none
subcycle_dropout,14,False,False,rejected,9,0.0,1.0,,,,none
subcycle_dropout,15,False,False,rejected,9,0.0,1.0,,,,none
subcycle_dropout,16,False,False,rejected,9,0.0,1.0,,,,none
subcycle_dropout,17,False,False,rejected,9,0.0,1.0,,,,none
subcycle_dropout,18,False,False,rejected,9,0.0,1.0,,,,none
subcycle_dropout,19,False,False,rejected,9,0.0,1.0,,,,none
subcycle_dropout,20,False,False,rejected,9,0.0,1.0,,,,none
subcycle_dropout,21,False,False,rejected,9,0.0,1.0,,,,none
subcycle_dropout,22,False,False,rejected,9,0.0,1.0,,,,none
subcycle_dropout,23,False,False,rejected,9,0.0,1.0,,,,none
subcycle_dropout,24,False,False,rejected,9,0.0,1.0,,,,none
subcycle_dropout,25,False,False,rejected,9,0.0,1.0,,,,none
subcycle_dropout,26,False,False,rejected,9,0.0,1.0,,,,none
subcycle_dropout,27,False,False,rejected,9,0.0,1.0,,,,none
subcycle_dropout,28,False,False,rejected,9,0.0,1.0,,,,none
subcycle_dropout,29,False,False,rejected,9,0.0,1.0,,,,none
